{
  "project_info": {
    "project_number": "190398212782",
    "firebase_url": "https://gpstrackertrial1.firebaseio.com",
    "project_id": "gpstrackertrial1",
    "storage_bucket": "gpstrackertrial1.appspot.com"
  },
  "client": [
    {
      "client_info": {
        "mobilesdk_app_id": "1:190398212782:android:56154541f8d1f4c2",
        "android_client_info": {
          "package_name": "com.example.amiramaulina.gpstrackerapptrial1"
        }
      },
      "oauth_client": [
        {
          "client_id": "190398212782-37k2vbo90oq6dcrmr9pkr1844vr8k5rq.apps.googleusercontent.com",
          "client_type": 3
        }
      ],
      "api_key": [
        {
          "current_key": "AIzaSyBS3i0C2Cx3kbNpCFAmQXGVPtFkqFMMhdM"
        }
      ],
      "services": {
        "analytics_service": {
          "status": 1
        },
        "appinvite_service": {
          "status": 1,
          "other_platform_oauth_client": []
        },
        "ads_service": {
          "status": 2
        }
      }
    }
  ],
  "configuration_version": "1"
}